Asset,frequency,start,end,Record_exist,Record_missing
AU200AUD,Daily,29/04/2015 00:00,06/08/2019 00:00,1090,256
AU200AUD,Hourly,05/03/2019 00:00,06/08/2019 23:00,2074,569
AU200AUD,Hours_4,28/08/2018 16:00,06/08/2019 20:00,1420,45
AU200AUD,Minutely,09/05/2019 06:31,06/08/2019 23:58,6244,15168
AU200AUD,Minutes_15,23/04/2019 08:45,06/08/2019 23:45,2117,1632
AU200AUD,Minutes_30,04/04/2019 10:30,06/08/2019 23:30,1958,1569
AU200AUD,Minutes_5,30/04/2019 12:45,06/08/2019 23:55,4099,3907
AU200AUD,Weekly,21/03/2004 00:00,04/08/2019 00:00,801,2
AUDCAD,Daily,28/05/2015 00:00,07/08/2019 00:00,1087,239
AUDCAD,Hourly,05/06/2019 08:00,07/08/2019 02:00,1075,2
AUDCAD,Hours_4,05/12/2018 08:00,07/08/2019 00:00,1037,5
AUDCAD,Minutely,05/08/2019 15:57,07/08/2019 02:45,2080,9
AUDCAD,Minutes_15,24/07/2019 00:00,07/08/2019 02:45,972,0
AUDCAD,Minutes_30,09/07/2019 08:00,07/08/2019 02:30,998,1
AUDCAD,Minutes_5,29/07/2019 02:40,07/08/2019 02:45,2018,0
AUDCAD,Weekly,06/06/2004 00:00,04/08/2019 00:00,792,0
AUDCHF,Daily,20/08/2015 00:00,07/08/2019 00:00,1027,239
AUDCHF,Hourly,05/06/2019 08:00,07/08/2019 02:00,1075,2
AUDCHF,Hours_4,05/12/2018 08:00,07/08/2019 00:00,1037,5
AUDCHF,Minutely,05/08/2019 14:55,07/08/2019 02:43,2071,78
AUDCHF,Minutes_15,24/07/2019 00:00,07/08/2019 02:30,971,0
AUDCHF,Minutes_30,09/07/2019 08:00,07/08/2019 02:30,998,1
AUDCHF,Minutes_5,29/07/2019 02:00,07/08/2019 02:40,2015,10
AUDCHF,Weekly,06/06/2004 00:00,04/08/2019 00:00,792,0
AUDHKD,Daily,20/08/2015 00:00,07/08/2019 00:00,1027,239
AUDHKD,Hourly,05/06/2019 08:00,07/08/2019 02:00,1075,2
AUDHKD,Hours_4,05/12/2018 08:00,07/08/2019 00:00,1037,5
AUDHKD,Minutely,05/08/2019 14:41,07/08/2019 02:44,2076,88
AUDHKD,Minutes_15,24/07/2019 00:00,07/08/2019 02:30,971,0
AUDHKD,Minutes_30,09/07/2019 08:00,07/08/2019 02:30,998,1
AUDHKD,Minutes_5,29/07/2019 02:35,07/08/2019 02:40,2016,2
AUDHKD,Weekly,06/06/2004 00:00,04/08/2019 00:00,792,0
AUDJPY,Daily,28/05/2015 00:00,07/08/2019 00:00,1087,239
AUDJPY,Hourly,05/06/2019 08:00,07/08/2019 02:00,1075,2
AUDJPY,Hours_4,05/12/2018 08:00,07/08/2019 00:00,1037,5
AUDJPY,Minutely,05/08/2019 16:03,07/08/2019 02:45,2079,4
AUDJPY,Minutes_15,24/07/2019 00:00,07/08/2019 02:45,972,0
AUDJPY,Minutes_30,09/07/2019 08:00,07/08/2019 02:30,998,1
AUDJPY,Minutes_5,29/07/2019 02:40,07/08/2019 02:45,2018,0
AUDJPY,Weekly,06/06/2004 00:00,04/08/2019 00:00,792,0
AUDNZD,Daily,28/05/2015 00:00,07/08/2019 00:00,1087,239
AUDNZD,Hourly,05/06/2019 08:00,07/08/2019 02:00,1075,2
AUDNZD,Hours_4,05/12/2018 08:00,07/08/2019 00:00,1037,5
AUDNZD,Minutely,05/08/2019 15:59,07/08/2019 02:45,2068,19
AUDNZD,Minutes_15,24/07/2019 00:00,07/08/2019 02:45,972,0
AUDNZD,Minutes_30,09/07/2019 08:00,07/08/2019 02:30,998,1
AUDNZD,Minutes_5,29/07/2019 02:35,07/08/2019 02:45,2016,3
AUDNZD,Weekly,09/05/2004 00:00,04/08/2019 00:00,796,0
AUDSGD,Daily,28/05/2015 00:00,07/08/2019 00:00,1087,239
AUDSGD,Hourly,05/06/2019 08:00,07/08/2019 02:00,1075,2
AUDSGD,Hours_4,05/12/2018 08:00,07/08/2019 00:00,1037,5
AUDSGD,Minutely,05/08/2019 15:28,07/08/2019 02:44,2078,39
AUDSGD,Minutes_15,24/07/2019 00:00,07/08/2019 02:30,971,0
AUDSGD,Minutes_30,09/07/2019 08:00,07/08/2019 02:30,998,1
AUDSGD,Minutes_5,29/07/2019 02:40,07/08/2019 02:40,2016,1
AUDSGD,Weekly,06/06/2004 00:00,04/08/2019 00:00,792,0
AUDUSD,Daily,28/05/2015 00:00,07/08/2019 00:00,1087,239
AUDUSD,Hourly,20/02/2019 08:00,07/08/2019 02:00,2110,744
AUDUSD,Hours_4,05/12/2018 08:00,07/08/2019 00:00,1037,5
AUDUSD,Minutely,05/08/2019 11:33,07/08/2019 02:43,2064,287
AUDUSD,Minutes_15,24/07/2019 00:00,07/08/2019 02:30,971,0
AUDUSD,Minutes_30,09/07/2019 08:00,07/08/2019 02:30,998,1
AUDUSD,Minutes_5,26/07/2019 23:45,07/08/2019 02:40,2006,46
AUDUSD,Weekly,12/05/2002 00:00,04/08/2019 00:00,900,0
BCOUSD,Daily,07/05/2015 00:00,07/08/2019 00:00,1102,239
BCOUSD,Hourly,13/02/2019 04:00,07/08/2019 00:00,2419,557
BCOUSD,Hours_4,21/08/2018 12:00,07/08/2019 00:00,1487,10
BCOUSD,Minutely,18/04/2019 18:18,07/08/2019 00:58,11416,29914
BCOUSD,Minutes_15,04/04/2019 18:00,07/08/2019 00:45,3249,1715
BCOUSD,Minutes_30,18/03/2019 15:00,07/08/2019 00:30,2662,1482
BCOUSD,Minutes_5,10/04/2019 14:55,07/08/2019 00:55,6408,5600
BCOUSD,Weekly,24/08/2003 00:00,04/08/2019 00:00,833,0
BTCUSD,Daily,04/07/2016 00:00,07/08/2019 00:00,1027,7
BTCUSD,Hourly,05/06/2019 00:00,07/08/2019 02:00,1074,11
BTCUSD,Hours_4,05/12/2018 08:00,07/08/2019 00:00,1037,5
BTCUSD,Minutely,05/08/2019 15:59,07/08/2019 02:45,2081,6
BTCUSD,Minutes_15,23/07/2019 23:00,07/08/2019 02:45,968,8
BTCUSD,Minutes_30,09/07/2019 05:00,07/08/2019 02:30,996,9
BTCUSD,Minutes_5,29/07/2019 02:40,07/08/2019 02:45,2006,12
BTCUSD,Weekly,03/01/2016 00:00,04/08/2019 00:00,188,0
CADCHF,Daily,28/05/2015 00:00,07/08/2019 00:00,1087,239
CADCHF,Hourly,05/06/2019 08:00,07/08/2019 02:00,1075,2
CADCHF,Hours_4,05/12/2018 08:00,07/08/2019 00:00,1037,5
CADCHF,Minutely,05/08/2019 15:04,07/08/2019 02:45,2070,72
CADCHF,Minutes_15,24/07/2019 00:00,07/08/2019 02:45,972,0
CADCHF,Minutes_30,09/07/2019 08:00,07/08/2019 02:30,998,1
CADCHF,Minutes_5,29/07/2019 02:10,07/08/2019 02:45,2018,6
CADCHF,Weekly,06/06/2004 00:00,04/08/2019 00:00,792,0
CADHKD,Daily,20/08/2015 00:00,07/08/2019 00:00,1027,239
CADHKD,Hourly,05/06/2019 08:00,07/08/2019 02:00,1075,2
CADHKD,Hours_4,05/12/2018 08:00,07/08/2019 00:00,1037,5
CADHKD,Minutely,05/08/2019 15:08,07/08/2019 02:45,2077,61
CADHKD,Minutes_15,24/07/2019 00:00,07/08/2019 02:45,972,0
CADHKD,Minutes_30,09/07/2019 08:00,07/08/2019 02:30,998,1
CADHKD,Minutes_5,29/07/2019 02:35,07/08/2019 02:45,2016,3
CADHKD,Weekly,06/06/2004 00:00,04/08/2019 00:00,792,0
CADJPY,Daily,21/05/2015 00:00,07/08/2019 00:00,1092,239
CADJPY,Hourly,05/06/2019 08:00,07/08/2019 02:00,1075,2
CADJPY,Hours_4,05/12/2018 08:00,07/08/2019 00:00,1037,5
CADJPY,Minutely,05/08/2019 16:12,07/08/2019 02:45,2068,6
CADJPY,Minutes_15,24/07/2019 00:00,07/08/2019 02:45,972,0
CADJPY,Minutes_30,09/07/2019 08:00,07/08/2019 02:30,998,1
CADJPY,Minutes_5,29/07/2019 02:40,07/08/2019 02:45,2018,0
CADJPY,Weekly,06/06/2004 00:00,04/08/2019 00:00,792,0
CADSGD,Daily,20/08/2015 00:00,07/08/2019 00:00,1027,239
CADSGD,Hourly,05/06/2019 08:00,07/08/2019 02:00,1075,2
CADSGD,Hours_4,05/12/2018 08:00,07/08/2019 00:00,1037,5
CADSGD,Minutely,05/08/2019 15:43,07/08/2019 02:45,2077,26
CADSGD,Minutes_15,24/07/2019 00:00,07/08/2019 02:45,972,0
CADSGD,Minutes_30,09/07/2019 08:00,07/08/2019 02:30,998,1
CADSGD,Minutes_5,29/07/2019 02:35,07/08/2019 02:45,2018,1
CADSGD,Weekly,06/06/2004 00:00,04/08/2019 00:00,792,0
CH20CHF,Daily,22/02/2013 00:00,05/07/2017 00:00,1024,202
CH20CHF,Hourly,23/11/2016 10:00,05/07/2017 16:00,1024,0
CH20CHF,Hours_4,11/03/2016 08:00,05/07/2017 16:00,1024,396
CH20CHF,Minutely,03/03/2017 13:41,05/07/2017 16:32,2048,0
CH20CHF,Minutes_15,09/02/2017 19:30,05/07/2017 16:30,1024,0
CH20CHF,Minutes_30,16/01/2017 16:30,05/07/2017 16:30,1024,0
CH20CHF,Minutes_5,17/02/2017 18:45,05/07/2017 16:30,2048,0
CH20CHF,Weekly,23/03/2003 00:00,02/07/2017 00:00,730,16
CHFHKD,Daily,20/08/2015 00:00,07/08/2019 00:00,1027,239
CHFHKD,Hourly,05/06/2019 08:00,07/08/2019 02:00,1075,2
CHFHKD,Hours_4,05/12/2018 08:00,07/08/2019 00:00,1037,5
CHFHKD,Minutely,05/08/2019 15:09,07/08/2019 02:44,2074,62
CHFHKD,Minutes_15,23/07/2019 23:45,07/08/2019 02:30,971,1
CHFHKD,Minutes_30,09/07/2019 08:00,07/08/2019 02:30,998,1
CHFHKD,Minutes_5,29/07/2019 02:20,07/08/2019 02:40,2016,5
CHFHKD,Weekly,06/06/2004 00:00,04/08/2019 00:00,792,0
CHFJPY,Daily,20/08/2015 00:00,07/08/2019 00:00,1027,239
CHFJPY,Hourly,05/06/2019 08:00,07/08/2019 02:00,1075,2
CHFJPY,Hours_4,05/12/2018 08:00,07/08/2019 00:00,1037,5
CHFJPY,Minutely,05/08/2019 16:02,07/08/2019 02:45,2076,8
CHFJPY,Minutes_15,24/07/2019 00:00,07/08/2019 02:45,972,0
CHFJPY,Minutes_30,09/07/2019 08:00,07/08/2019 02:30,998,1
CHFJPY,Minutes_5,29/07/2019 02:40,07/08/2019 02:45,2018,0
CHFJPY,Weekly,06/06/2004 00:00,04/08/2019 00:00,792,0
CHFZAR,Daily,28/05/2015 00:00,07/08/2019 00:00,1087,239
CHFZAR,Hourly,05/06/2019 08:00,07/08/2019 02:00,1075,2
CHFZAR,Hours_4,05/12/2018 08:00,07/08/2019 00:00,1037,5
CHFZAR,Minutely,05/08/2019 16:04,07/08/2019 02:45,2068,14
CHFZAR,Minutes_15,24/07/2019 00:00,07/08/2019 02:45,972,0
CHFZAR,Minutes_30,09/07/2019 08:00,07/08/2019 02:30,998,1
CHFZAR,Minutes_5,29/07/2019 02:40,07/08/2019 02:45,2018,0
CHFZAR,Weekly,30/05/2004 00:00,04/08/2019 00:00,793,0
CN50USD,Daily,09/04/2015 00:00,06/08/2019 00:00,1106,254
CN50USD,Hourly,07/02/2019 19:00,06/08/2019 23:00,2388,668
CN50USD,Hours_4,30/07/2018 20:00,06/08/2019 20:00,1409,181
CN50USD,Minutely,22/04/2019 04:05,06/08/2019 23:43,10314,29284
CN50USD,Minutes_15,04/04/2019 09:45,06/08/2019 23:30,3099,1893
CN50USD,Minutes_30,20/03/2019 04:30,06/08/2019 23:30,2455,1612
CN50USD,Minutes_5,11/04/2019 05:55,06/08/2019 23:40,6096,5717
CN50USD,Weekly,04/09/2011 00:00,04/08/2019 00:00,409,5
CORNUSD,Daily,16/04/2015 00:00,06/08/2019 00:00,1089,266
CORNUSD,Hourly,21/02/2019 19:00,06/08/2019 21:00,2050,764
CORNUSD,Hours_4,27/08/2018 08:00,06/08/2019 20:00,1410,63
CORNUSD,Minutely,02/05/2019 19:42,06/08/2019 21:18,6195,21124
CORNUSD,Minutes_15,10/04/2019 17:00,06/08/2019 21:15,2093,2477
CORNUSD,Minutes_30,21/03/2019 08:00,06/08/2019 21:00,2029,1978
CORNUSD,Minutes_5,12/04/2019 21:10,06/08/2019 21:15,4089,7226
CORNUSD,Weekly,16/03/2003 00:00,04/08/2019 00:00,856,0
DE10YBEUR,Daily,24/04/2015 00:00,06/08/2019 00:00,1091,258
DE10YBEUR,Hourly,28/02/2019 07:00,06/08/2019 22:00,2060,647
DE10YBEUR,Hours_4,06/07/2018 08:00,06/08/2019 20:00,1426,263
DE10YBEUR,Minutely,08/05/2019 20:08,06/08/2019 22:58,6187,15732
DE10YBEUR,Minutes_15,18/04/2019 16:00,06/08/2019 22:45,2088,1916
DE10YBEUR,Minutes_30,03/04/2019 15:30,06/08/2019 22:30,1944,1619
DE10YBEUR,Minutes_5,26/04/2019 14:55,06/08/2019 22:55,4057,4484
DE10YBEUR,Weekly,09/03/2003 00:00,04/08/2019 00:00,857,0
DE30EUR,Daily,01/04/2015 00:00,06/08/2019 00:00,1099,266
DE30EUR,Hourly,08/02/2019 14:00,06/08/2019 22:00,2348,688
DE30EUR,Hours_4,19/06/2018 08:00,06/08/2019 20:00,1474,293
DE30EUR,Minutely,17/04/2019 15:44,06/08/2019 22:59,14860,27925
DE30EUR,Minutes_15,02/04/2019 04:00,06/08/2019 22:45,3103,2101
DE30EUR,Minutes_30,03/04/2019 18:30,06/08/2019 22:30,1944,1613
DE30EUR,Minutes_5,08/04/2019 20:55,06/08/2019 22:55,6993,5494
DE30EUR,Weekly,30/03/2003 00:00,04/08/2019 00:00,854,0
EU50EUR,Daily,28/04/2015 00:00,06/08/2019 00:00,1091,256
EU50EUR,Hourly,28/02/2019 05:00,06/08/2019 22:00,2060,649
EU50EUR,Hours_4,06/07/2018 08:00,06/08/2019 20:00,1426,263
EU50EUR,Minutely,08/05/2019 17:21,06/08/2019 22:58,6199,15887
EU50EUR,Minutes_15,18/04/2019 05:15,06/08/2019 22:45,2086,1961
EU50EUR,Minutes_30,03/04/2019 08:00,06/08/2019 22:30,1943,1635
EU50EUR,Minutes_5,25/04/2019 19:10,06/08/2019 22:55,4019,4757
EU50EUR,Weekly,21/09/2003 00:00,04/08/2019 00:00,829,0
EURAUD,Daily,28/05/2015 00:00,07/08/2019 00:00,1087,239
EURAUD,Hourly,05/06/2019 08:00,07/08/2019 02:00,1075,2
EURAUD,Hours_4,05/12/2018 08:00,07/08/2019 00:00,1037,5
EURAUD,Minutely,05/08/2019 15:06,07/08/2019 02:45,2073,67
EURAUD,Minutes_15,24/07/2019 00:00,07/08/2019 02:45,972,0
EURAUD,Minutes_30,09/07/2019 08:00,07/08/2019 02:30,998,1
EURAUD,Minutes_5,29/07/2019 02:25,07/08/2019 02:45,2016,5
EURAUD,Weekly,06/06/2004 00:00,04/08/2019 00:00,792,0
EURCAD,Daily,20/08/2015 00:00,07/08/2019 00:00,1027,239
EURCAD,Hourly,05/06/2019 08:00,07/08/2019 02:00,1075,2
EURCAD,Hours_4,05/12/2018 08:00,07/08/2019 00:00,1037,5
EURCAD,Minutely,05/08/2019 15:59,07/08/2019 02:45,2075,12
EURCAD,Minutes_15,24/07/2019 00:00,07/08/2019 02:45,972,0
EURCAD,Minutes_30,09/07/2019 08:00,07/08/2019 02:30,998,1
EURCAD,Minutes_5,29/07/2019 02:40,07/08/2019 02:45,2018,0
EURCAD,Weekly,06/06/2004 00:00,04/08/2019 00:00,792,0
EURCHF,Daily,20/08/2015 00:00,07/08/2019 00:00,1027,239
EURCHF,Hourly,05/06/2019 08:00,07/08/2019 02:00,1075,2
EURCHF,Hours_4,05/12/2018 08:00,07/08/2019 00:00,1037,5
EURCHF,Minutely,05/08/2019 14:54,07/08/2019 02:45,2070,82
EURCHF,Minutes_15,24/07/2019 00:00,07/08/2019 02:45,972,0
EURCHF,Minutes_30,09/07/2019 08:00,07/08/2019 02:30,998,1
EURCHF,Minutes_5,29/07/2019 02:15,07/08/2019 02:45,2018,5
EURCHF,Weekly,12/05/2002 00:00,04/08/2019 00:00,900,0
EURCZK,Daily,20/08/2015 00:00,07/08/2019 00:00,1027,239
EURCZK,Hourly,05/06/2019 08:00,07/08/2019 02:00,1075,2
EURCZK,Hours_4,05/12/2018 08:00,07/08/2019 00:00,1037,5
EURCZK,Minutely,05/08/2019 13:09,07/08/2019 02:45,2067,190
EURCZK,Minutes_15,24/07/2019 00:00,07/08/2019 02:45,972,0
EURCZK,Minutes_30,09/07/2019 08:00,07/08/2019 02:30,998,1
EURCZK,Minutes_5,29/07/2019 00:15,07/08/2019 02:45,2016,31
EURCZK,Weekly,12/05/2002 00:00,04/08/2019 00:00,900,0
EURDKK,Daily,20/08/2015 00:00,07/08/2019 00:00,1027,239
EURDKK,Hourly,05/06/2019 03:00,07/08/2019 02:00,1075,7
EURDKK,Hours_4,05/12/2018 08:00,07/08/2019 00:00,1037,5
EURDKK,Minutely,02/08/2019 05:17,07/08/2019 02:43,2051,2112
EURDKK,Minutes_15,23/07/2019 12:30,07/08/2019 02:30,966,51
EURDKK,Minutes_30,09/07/2019 00:30,07/08/2019 02:30,998,16
EURDKK,Minutes_5,25/07/2019 14:35,07/08/2019 02:40,2039,410
EURDKK,Weekly,26/10/2003 00:00,04/08/2019 00:00,824,0
EURGBP,Daily,21/05/2015 00:00,07/08/2019 00:00,1092,239
EURGBP,Hourly,27/02/2019 08:00,07/08/2019 02:00,2166,568
EURGBP,Hours_4,05/12/2018 08:00,07/08/2019 00:00,1037,5
EURGBP,Minutely,05/08/2019 15:05,07/08/2019 02:45,2069,72
EURGBP,Minutes_15,24/07/2019 00:00,07/08/2019 02:45,972,0
EURGBP,Minutes_30,09/07/2019 08:00,07/08/2019 02:30,998,1
EURGBP,Minutes_5,29/07/2019 02:35,07/08/2019 02:45,2018,1
EURGBP,Weekly,12/05/2002 00:00,04/08/2019 00:00,900,0
EURHKD,Daily,20/08/2015 00:00,07/08/2019 00:00,1027,239
EURHKD,Hourly,05/06/2019 08:00,07/08/2019 02:00,1075,2
EURHKD,Hours_4,05/12/2018 08:00,07/08/2019 00:00,1037,5
EURHKD,Minutely,05/08/2019 15:40,07/08/2019 02:45,2073,33
EURHKD,Minutes_15,24/07/2019 00:00,07/08/2019 02:45,972,0
EURHKD,Minutes_30,09/07/2019 08:00,07/08/2019 02:30,998,1
EURHKD,Minutes_5,29/07/2019 02:25,07/08/2019 02:45,2016,5
EURHKD,Weekly,06/06/2004 00:00,04/08/2019 00:00,792,0
EURHUF,Daily,20/08/2015 00:00,07/08/2019 00:00,1027,239
EURHUF,Hourly,05/06/2019 08:00,07/08/2019 02:00,1075,2
EURHUF,Hours_4,05/12/2018 08:00,07/08/2019 00:00,1037,5
EURHUF,Minutely,05/08/2019 14:10,07/08/2019 02:30,2051,130
EURHUF,Minutes_15,23/07/2019 23:00,07/08/2019 02:30,971,4
EURHUF,Minutes_30,09/07/2019 08:00,07/08/2019 02:30,998,1
EURHUF,Minutes_5,26/07/2019 23:45,07/08/2019 02:30,2008,42
EURHUF,Weekly,25/01/2004 00:00,04/08/2019 00:00,811,0
EURJPY,Daily,07/05/2015 00:00,07/08/2019 00:00,1102,239
EURJPY,Hourly,20/02/2019 08:00,07/08/2019 02:00,2339,515
EURJPY,Hours_4,29/08/2018 08:00,07/08/2019 00:00,1457,5
EURJPY,Minutely,05/08/2019 15:06,07/08/2019 02:45,2074,66
EURJPY,Minutes_15,24/07/2019 00:00,07/08/2019 02:45,972,0
EURJPY,Minutes_30,09/07/2019 08:00,07/08/2019 02:30,998,1
EURJPY,Minutes_5,29/07/2019 02:25,07/08/2019 02:45,2018,3
EURJPY,Weekly,12/05/2002 00:00,04/08/2019 00:00,900,0
EURNOK,Daily,20/08/2015 00:00,07/08/2019 00:00,1027,239
EURNOK,Hourly,05/06/2019 08:00,07/08/2019 02:00,1075,2
EURNOK,Hours_4,05/12/2018 08:00,07/08/2019 00:00,1037,5
EURNOK,Minutely,05/08/2019 16:14,07/08/2019 02:45,2069,3
EURNOK,Minutes_15,24/07/2019 00:00,07/08/2019 02:45,972,0
EURNOK,Minutes_30,09/07/2019 08:00,07/08/2019 02:30,998,1
EURNOK,Minutes_5,29/07/2019 02:40,07/08/2019 02:45,2016,2
EURNOK,Weekly,07/09/2003 00:00,04/08/2019 00:00,831,0
EURNZD,Daily,20/08/2015 00:00,07/08/2019 00:00,1027,239
EURNZD,Hourly,05/06/2019 08:00,07/08/2019 02:00,1075,2
EURNZD,Hours_4,05/12/2018 08:00,07/08/2019 00:00,1037,5
EURNZD,Minutely,05/08/2019 16:13,07/08/2019 02:45,2068,5
EURNZD,Minutes_15,24/07/2019 00:00,07/08/2019 02:45,972,0
EURNZD,Minutes_30,09/07/2019 08:00,07/08/2019 02:30,998,1
EURNZD,Minutes_5,29/07/2019 02:40,07/08/2019 02:45,2017,1
EURNZD,Weekly,06/06/2004 00:00,04/08/2019 00:00,792,0
EURPLN,Daily,20/08/2015 00:00,07/08/2019 00:00,1027,239
EURPLN,Hourly,05/06/2019 08:00,07/08/2019 02:00,1075,2
EURPLN,Hours_4,05/12/2018 08:00,07/08/2019 00:00,1037,5
EURPLN,Minutely,05/08/2019 16:03,07/08/2019 02:45,2068,15
EURPLN,Minutes_15,24/07/2019 00:00,07/08/2019 02:45,972,0
EURPLN,Minutes_30,09/07/2019 08:00,07/08/2019 02:30,998,1
EURPLN,Minutes_5,29/07/2019 02:40,07/08/2019 02:45,2018,0
EURPLN,Weekly,12/05/2002 00:00,04/08/2019 00:00,900,0
EURSEK,Daily,20/08/2015 00:00,07/08/2019 00:00,1027,239
EURSEK,Hourly,05/06/2019 08:00,07/08/2019 02:00,1075,2
EURSEK,Hours_4,05/12/2018 08:00,07/08/2019 00:00,1037,5
EURSEK,Minutely,05/08/2019 16:11,07/08/2019 02:45,2068,7
EURSEK,Minutes_15,24/07/2019 00:00,07/08/2019 02:45,972,0
EURSEK,Minutes_30,09/07/2019 08:00,07/08/2019 02:30,998,1
EURSEK,Minutes_5,29/07/2019 02:40,07/08/2019 02:45,2017,1
EURSEK,Weekly,12/05/2002 00:00,04/08/2019 00:00,900,0
EURSGD,Daily,20/08/2015 00:00,07/08/2019 00:00,1027,239
EURSGD,Hourly,05/06/2019 08:00,07/08/2019 02:00,1075,2
EURSGD,Hours_4,05/12/2018 08:00,07/08/2019 00:00,1037,5
EURSGD,Minutely,05/08/2019 15:52,07/08/2019 02:45,2074,20
EURSGD,Minutes_15,24/07/2019 00:00,07/08/2019 02:45,972,0
EURSGD,Minutes_30,09/07/2019 08:00,07/08/2019 02:30,998,1
EURSGD,Minutes_5,29/07/2019 02:40,07/08/2019 02:45,2018,0
EURSGD,Weekly,06/06/2004 00:00,04/08/2019 00:00,792,0
EURTRY,Daily,20/08/2015 00:00,07/08/2019 00:00,1027,239
EURTRY,Hourly,05/06/2019 08:00,07/08/2019 02:00,1075,2
EURTRY,Hours_4,05/12/2018 08:00,07/08/2019 00:00,1037,5
EURTRY,Minutely,05/08/2019 16:17,07/08/2019 02:45,2067,2
EURTRY,Minutes_15,24/07/2019 00:00,07/08/2019 02:45,972,0
EURTRY,Minutes_30,09/07/2019 08:00,07/08/2019 02:30,998,1
EURTRY,Minutes_5,29/07/2019 02:40,07/08/2019 02:45,2018,0
EURTRY,Weekly,18/02/2007 00:00,04/08/2019 00:00,651,0
EURUSD,Daily,07/05/2015 00:00,07/08/2019 00:00,1102,239
EURUSD,Hourly,05/06/2019 08:00,07/08/2019 02:00,1075,2
EURUSD,Hours_4,21/12/2009 00:00,07/08/2019 00:00,6946,3630
EURUSD,Minutely,22/04/2019 01:52,07/08/2019 02:45,4628,35285
EURUSD,Minutes_15,24/07/2019 00:00,07/08/2019 02:45,972,0
EURUSD,Minutes_30,09/07/2019 08:00,07/08/2019 02:30,998,1
EURUSD,Minutes_5,29/07/2019 02:30,07/08/2019 02:45,2016,4
EURUSD,Weekly,12/05/2002 00:00,04/08/2019 00:00,900,0
EURZAR,Daily,20/08/2015 00:00,07/08/2019 00:00,1027,239
EURZAR,Hourly,05/06/2019 08:00,07/08/2019 02:00,1075,2
EURZAR,Hours_4,05/12/2018 08:00,07/08/2019 00:00,1037,5
EURZAR,Minutely,05/08/2019 16:05,07/08/2019 02:45,2067,14
EURZAR,Minutes_15,24/07/2019 00:00,07/08/2019 02:45,972,0
EURZAR,Minutes_30,09/07/2019 08:00,07/08/2019 02:30,998,1
EURZAR,Minutes_5,29/07/2019 02:40,07/08/2019 02:45,2017,1
EURZAR,Weekly,30/05/2004 00:00,04/08/2019 00:00,793,0
FR40EUR,Daily,06/05/2015 00:00,06/08/2019 00:00,1091,250
FR40EUR,Hourly,31/01/2019 09:00,06/08/2019 22:00,1834,1351
FR40EUR,Hours_4,02/05/2018 08:00,06/08/2019 20:00,1292,679
FR40EUR,Minutely,08/05/2019 15:54,06/08/2019 22:59,6217,15957
FR40EUR,Minutes_15,11/04/2019 13:00,06/08/2019 22:45,2056,2440
FR40EUR,Minutes_30,18/03/2019 10:00,06/08/2019 22:30,2116,2034
FR40EUR,Minutes_5,23/04/2019 19:25,06/08/2019 22:55,4059,5289
FR40EUR,Weekly,02/02/2003 00:00,04/08/2019 00:00,845,17
GBPAUD,Daily,20/08/2015 00:00,07/08/2019 00:00,1027,239
GBPAUD,Hourly,05/06/2019 08:00,07/08/2019 02:00,1075,2
GBPAUD,Hours_4,05/12/2018 08:00,07/08/2019 00:00,1037,5
GBPAUD,Minutely,05/08/2019 15:39,07/08/2019 02:45,2073,34
GBPAUD,Minutes_15,24/07/2019 00:00,07/08/2019 02:45,972,0
GBPAUD,Minutes_30,09/07/2019 08:00,07/08/2019 02:30,998,1
GBPAUD,Minutes_5,29/07/2019 02:30,07/08/2019 02:45,2018,2
GBPAUD,Weekly,06/06/2004 00:00,04/08/2019 00:00,792,0
GBPCAD,Daily,20/08/2015 00:00,07/08/2019 00:00,1027,239
GBPCAD,Hourly,05/06/2019 08:00,07/08/2019 02:00,1075,2
GBPCAD,Hours_4,05/12/2018 08:00,07/08/2019 00:00,1037,5
GBPCAD,Minutely,05/08/2019 15:38,07/08/2019 02:45,2073,35
GBPCAD,Minutes_15,24/07/2019 00:00,07/08/2019 02:45,972,0
GBPCAD,Minutes_30,09/07/2019 08:00,07/08/2019 02:30,998,1
GBPCAD,Minutes_5,29/07/2019 02:40,07/08/2019 02:45,2018,0
GBPCAD,Weekly,06/06/2004 00:00,04/08/2019 00:00,792,0
GBPCHF,Daily,20/08/2015 00:00,07/08/2019 00:00,1027,239
GBPCHF,Hourly,05/06/2019 08:00,07/08/2019 02:00,1075,2
GBPCHF,Hours_4,05/12/2018 08:00,07/08/2019 00:00,1037,5
GBPCHF,Minutely,05/08/2019 15:46,07/08/2019 02:45,2072,28
GBPCHF,Minutes_15,24/07/2019 00:00,07/08/2019 02:45,972,0
GBPCHF,Minutes_30,09/07/2019 08:00,07/08/2019 02:30,998,1
GBPCHF,Minutes_5,29/07/2019 02:30,07/08/2019 02:45,2017,3
GBPCHF,Weekly,12/05/2002 00:00,04/08/2019 00:00,900,0
GBPHKD,Daily,20/08/2015 00:00,07/08/2019 00:00,1027,239
GBPHKD,Hourly,05/06/2019 08:00,07/08/2019 02:00,1075,2
GBPHKD,Hours_4,05/12/2018 08:00,07/08/2019 00:00,1037,5
GBPHKD,Minutely,05/08/2019 15:29,07/08/2019 02:45,2072,45
GBPHKD,Minutes_15,24/07/2019 00:00,07/08/2019 02:45,972,0
GBPHKD,Minutes_30,09/07/2019 08:00,07/08/2019 02:30,998,1
GBPHKD,Minutes_5,29/07/2019 02:20,07/08/2019 02:45,2018,4
GBPHKD,Weekly,06/06/2004 00:00,04/08/2019 00:00,792,0
GBPJPY,Daily,28/05/2015 00:00,07/08/2019 00:00,1087,239
GBPJPY,Hourly,06/03/2019 16:00,07/08/2019 02:00,2091,515
GBPJPY,Hours_4,29/08/2018 08:00,07/08/2019 00:00,1457,5
GBPJPY,Minutely,05/08/2019 15:46,07/08/2019 02:45,2072,28
GBPJPY,Minutes_15,24/07/2019 00:00,07/08/2019 02:45,972,0
GBPJPY,Minutes_30,09/07/2019 08:00,07/08/2019 02:30,998,1
GBPJPY,Minutes_5,29/07/2019 02:35,07/08/2019 02:45,2018,1
GBPJPY,Weekly,12/05/2002 00:00,04/08/2019 00:00,900,0
GBPNZD,Daily,20/08/2015 00:00,07/08/2019 00:00,1027,239
GBPNZD,Hourly,05/06/2019 08:00,07/08/2019 02:00,1075,2
GBPNZD,Hours_4,05/12/2018 08:00,07/08/2019 00:00,1037,5
GBPNZD,Minutely,05/08/2019 15:59,07/08/2019 02:45,2067,20
GBPNZD,Minutes_15,24/07/2019 00:00,07/08/2019 02:45,972,0
GBPNZD,Minutes_30,09/07/2019 08:00,07/08/2019 02:30,998,1
GBPNZD,Minutes_5,29/07/2019 02:35,07/08/2019 02:45,2017,2
GBPNZD,Weekly,06/06/2004 00:00,04/08/2019 00:00,792,0
GBPPLN,Daily,20/08/2015 00:00,07/08/2019 00:00,1027,239
GBPPLN,Hourly,05/06/2019 08:00,07/08/2019 02:00,1075,2
GBPPLN,Hours_4,05/12/2018 08:00,07/08/2019 00:00,1037,5
GBPPLN,Minutely,05/08/2019 16:11,07/08/2019 02:45,2067,8
GBPPLN,Minutes_15,24/07/2019 00:00,07/08/2019 02:45,972,0
GBPPLN,Minutes_30,09/07/2019 08:00,07/08/2019 02:30,998,1
GBPPLN,Minutes_5,29/07/2019 02:40,07/08/2019 02:45,2018,0
GBPPLN,Weekly,06/06/2004 00:00,04/08/2019 00:00,792,0
GBPSGD,Daily,20/08/2015 00:00,07/08/2019 00:00,1027,239
GBPSGD,Hourly,05/06/2019 08:00,07/08/2019 02:00,1075,2
GBPSGD,Hours_4,05/12/2018 08:00,07/08/2019 00:00,1037,5
GBPSGD,Minutely,05/08/2019 15:50,07/08/2019 02:45,2072,24
GBPSGD,Minutes_15,24/07/2019 00:00,07/08/2019 02:45,972,0
GBPSGD,Minutes_30,09/07/2019 08:00,07/08/2019 02:30,998,1
GBPSGD,Minutes_5,29/07/2019 02:35,07/08/2019 02:45,2018,1
GBPSGD,Weekly,06/06/2004 00:00,04/08/2019 00:00,792,0
GBPUSD,Daily,23/04/2015 00:00,07/08/2019 00:00,1112,239
GBPUSD,Hourly,30/01/2019 16:00,07/08/2019 02:00,2668,538
GBPUSD,Hours_4,21/12/2009 00:00,07/08/2019 00:00,9548,1028
GBPUSD,Minutely,09/04/2019 08:11,07/08/2019 02:45,26061,24653
GBPUSD,Minutes_15,28/03/2019 07:45,07/08/2019 02:45,3497,1996
GBPUSD,Minutes_30,15/03/2019 00:00,07/08/2019 02:30,2709,1517
GBPUSD,Minutes_5,03/04/2019 07:40,07/08/2019 02:45,8400,5154
GBPUSD,Weekly,12/05/2002 00:00,04/08/2019 00:00,900,0
GBPZAR,Daily,11/06/2015 00:00,07/08/2019 00:00,1077,239
GBPZAR,Hourly,05/06/2019 08:00,07/08/2019 02:00,1075,2
GBPZAR,Hours_4,05/12/2018 08:00,07/08/2019 00:00,1037,5
GBPZAR,Minutely,05/08/2019 16:04,07/08/2019 02:45,2066,16
GBPZAR,Minutes_15,24/07/2019 00:00,07/08/2019 02:45,972,0
GBPZAR,Minutes_30,09/07/2019 08:00,07/08/2019 02:30,998,1
GBPZAR,Minutes_5,29/07/2019 02:40,07/08/2019 02:45,2018,0
GBPZAR,Weekly,30/05/2004 00:00,04/08/2019 00:00,793,0
HK33HKD,Daily,12/03/2015 00:00,06/08/2019 00:00,1088,291
HK33HKD,Hourly,17/01/2019 18:00,06/08/2019 19:00,1966,1375
HK33HKD,Hours_4,09/05/2018 08:00,06/08/2019 16:00,1292,648
HK33HKD,Minutely,08/05/2019 13:50,06/08/2019 19:59,6161,15957
HK33HKD,Minutes_15,11/04/2019 09:15,06/08/2019 19:45,2056,2443
HK33HKD,Minutes_30,18/03/2019 05:30,06/08/2019 19:30,2123,2030
HK33HKD,Minutes_5,24/04/2019 06:15,06/08/2019 19:55,3992,5190
HK33HKD,Weekly,02/02/2003 00:00,04/08/2019 00:00,862,0
HKDJPY,Daily,20/08/2015 00:00,07/08/2019 00:00,1027,239
HKDJPY,Hourly,05/06/2019 08:00,07/08/2019 02:00,1075,2
HKDJPY,Hours_4,05/12/2018 08:00,07/08/2019 00:00,1037,5
HKDJPY,Minutely,05/08/2019 15:50,07/08/2019 02:45,2071,25
HKDJPY,Minutes_15,24/07/2019 00:00,07/08/2019 02:45,972,0
HKDJPY,Minutes_30,09/07/2019 08:00,07/08/2019 02:30,998,1
HKDJPY,Minutes_5,29/07/2019 02:35,07/08/2019 02:45,2015,4
HKDJPY,Weekly,06/06/2004 00:00,04/08/2019 00:00,792,0
IN50USD,Daily,27/04/2015 00:00,06/08/2019 00:00,1091,257
IN50USD,Hourly,04/03/2019 07:00,06/08/2019 23:00,2060,600
IN50USD,Hours_4,13/08/2018 20:00,06/08/2019 20:00,1359,171
IN50USD,Minutely,09/05/2019 06:28,06/08/2019 23:44,6217,15184
IN50USD,Minutes_15,23/04/2019 19:45,06/08/2019 23:30,2082,1622
IN50USD,Minutes_30,08/04/2019 20:00,06/08/2019 23:30,1944,1468
IN50USD,Minutes_5,30/04/2019 06:10,06/08/2019 23:40,4047,4035
IN50USD,Weekly,28/08/2011 00:00,04/08/2019 00:00,415,0
JP225USD,Daily,15/05/2015 00:00,07/08/2019 00:00,1092,243
JP225USD,Hourly,11/03/2019 02:00,07/08/2019 02:00,2083,465
JP225USD,Hours_4,20/08/2018 12:00,07/08/2019 00:00,1485,18
JP225USD,Minutely,09/05/2019 09:24,07/08/2019 02:45,6313,15093
JP225USD,Minutes_15,26/04/2019 09:15,07/08/2019 02:45,2053,1418
JP225USD,Minutes_30,10/04/2019 08:00,07/08/2019 02:30,1990,1356
JP225USD,Minutes_5,01/05/2019 08:35,07/08/2019 02:45,4172,3631
JP225USD,Weekly,16/03/2003 00:00,04/08/2019 00:00,856,0
MBTCUSD,Daily,03/07/2016 00:00,07/08/2019 00:00,1027,8
MBTCUSD,Hourly,05/06/2019 00:00,07/08/2019 02:00,1074,11
MBTCUSD,Hours_4,04/12/2018 00:00,07/08/2019 00:00,1037,13
MBTCUSD,Minutely,05/08/2019 16:00,07/08/2019 02:45,2080,6
MBTCUSD,Minutes_15,23/07/2019 23:00,07/08/2019 02:45,968,8
MBTCUSD,Minutes_30,09/07/2019 05:00,07/08/2019 02:30,996,9
MBTCUSD,Minutes_5,29/07/2019 02:40,07/08/2019 02:45,2006,12
MBTCUSD,Weekly,03/01/2016 00:00,04/08/2019 00:00,188,0
NAS100USD,Daily,19/05/2015 00:00,07/08/2019 00:00,1092,241
NAS100USD,Hourly,11/03/2019 02:00,07/08/2019 02:00,2083,465
NAS100USD,Hours_4,03/09/2018 12:00,07/08/2019 00:00,1425,18
NAS100USD,Minutely,09/05/2019 10:44,07/08/2019 02:45,6259,15067
NAS100USD,Minutes_15,26/04/2019 09:30,07/08/2019 02:45,2053,1417
NAS100USD,Minutes_30,10/04/2019 08:00,07/08/2019 02:30,1990,1356
NAS100USD,Minutes_5,01/05/2019 15:55,07/08/2019 02:45,4109,3606
NAS100USD,Weekly,23/03/2003 00:00,04/08/2019 00:00,855,0
NATGASUSD,Daily,07/05/2015 00:00,07/08/2019 00:00,1102,239
NATGASUSD,Hourly,15/02/2019 01:00,07/08/2019 02:00,2439,494
NATGASUSD,Hours_4,20/08/2018 16:00,07/08/2019 00:00,1485,17
NATGASUSD,Minutely,16/04/2019 22:47,07/08/2019 02:40,10325,33645
NATGASUSD,Minutes_15,03/04/2019 17:30,07/08/2019 02:30,3183,1886
NATGASUSD,Minutes_30,21/03/2019 19:00,07/08/2019 02:30,2546,1450
NATGASUSD,Minutes_5,08/04/2019 08:30,07/08/2019 02:40,6185,6496
NATGASUSD,Weekly,02/02/2003 00:00,04/08/2019 00:00,862,0
NL25EUR,Daily,07/05/2015 00:00,06/08/2019 00:00,1091,249
NL25EUR,Hourly,31/01/2019 09:00,06/08/2019 22:00,1834,1351
NL25EUR,Hours_4,02/05/2018 08:00,06/08/2019 20:00,1292,679
NL25EUR,Minutely,08/05/2019 15:59,06/08/2019 22:59,6211,15958
NL25EUR,Minutes_15,11/04/2019 13:00,06/08/2019 22:45,2056,2440
NL25EUR,Minutes_30,18/03/2019 10:00,06/08/2019 22:30,2116,2034
NL25EUR,Minutes_5,23/04/2019 19:25,06/08/2019 22:55,4058,5290
NL25EUR,Weekly,20/01/2008 00:00,04/08/2019 00:00,603,0
NZDCAD,Daily,21/08/2015 00:00,07/08/2019 00:00,1027,238
NZDCAD,Hourly,05/06/2019 08:00,07/08/2019 02:00,1075,2
NZDCAD,Hours_4,05/12/2018 12:00,07/08/2019 00:00,1037,4
NZDCAD,Minutely,05/08/2019 16:15,07/08/2019 02:45,2066,5
NZDCAD,Minutes_15,24/07/2019 00:00,07/08/2019 02:45,972,0
NZDCAD,Minutes_30,09/07/2019 08:00,07/08/2019 02:30,998,1
NZDCAD,Minutes_5,29/07/2019 02:40,07/08/2019 02:45,2018,0
NZDCAD,Weekly,06/06/2004 00:00,04/08/2019 00:00,792,0
NZDCHF,Daily,20/08/2015 00:00,07/08/2019 00:00,1027,239
NZDCHF,Hourly,05/06/2019 08:00,07/08/2019 02:00,1075,2
NZDCHF,Hours_4,05/12/2018 08:00,07/08/2019 00:00,1037,5
NZDCHF,Minutely,05/08/2019 15:37,07/08/2019 02:43,2062,45
NZDCHF,Minutes_15,24/07/2019 00:00,07/08/2019 02:30,971,0
NZDCHF,Minutes_30,09/07/2019 08:00,07/08/2019 02:30,998,1
NZDCHF,Minutes_5,29/07/2019 02:15,07/08/2019 02:40,2016,6
NZDCHF,Weekly,06/06/2004 00:00,04/08/2019 00:00,792,0
NZDHKD,Daily,20/08/2015 00:00,07/08/2019 00:00,1027,239
NZDHKD,Hourly,05/06/2019 08:00,07/08/2019 02:00,1075,2
NZDHKD,Hours_4,05/12/2018 08:00,07/08/2019 00:00,1037,5
NZDHKD,Minutely,05/08/2019 15:10,07/08/2019 02:44,2065,70
NZDHKD,Minutes_15,23/07/2019 23:45,07/08/2019 02:30,971,1
NZDHKD,Minutes_30,09/07/2019 08:00,07/08/2019 02:30,998,1
NZDHKD,Minutes_5,29/07/2019 02:30,07/08/2019 02:40,2013,6
NZDHKD,Weekly,08/06/2008 00:00,04/08/2019 00:00,583,0
NZDJPY,Daily,21/05/2015 00:00,07/08/2019 00:00,1092,239
NZDJPY,Hourly,13/03/2019 08:00,07/08/2019 02:00,2099,395
NZDJPY,Hours_4,05/12/2018 08:00,07/08/2019 00:00,1037,5
NZDJPY,Minutely,05/08/2019 16:18,07/08/2019 02:45,2065,3
NZDJPY,Minutes_15,24/07/2019 00:00,07/08/2019 02:45,972,0
NZDJPY,Minutes_30,09/07/2019 08:00,07/08/2019 02:30,998,1
NZDJPY,Minutes_5,29/07/2019 02:40,07/08/2019 02:45,2018,0
NZDJPY,Weekly,06/06/2004 00:00,04/08/2019 00:00,792,0
NZDSGD,Daily,20/08/2015 00:00,07/08/2019 00:00,1027,239
NZDSGD,Hourly,05/06/2019 08:00,07/08/2019 02:00,1075,2
NZDSGD,Hours_4,05/12/2018 08:00,07/08/2019 00:00,1037,5
NZDSGD,Minutely,05/08/2019 16:03,07/08/2019 02:45,2065,18
NZDSGD,Minutes_15,24/07/2019 00:00,07/08/2019 02:45,972,0
NZDSGD,Minutes_30,09/07/2019 08:00,07/08/2019 02:30,998,1
NZDSGD,Minutes_5,29/07/2019 02:40,07/08/2019 02:45,2018,0
NZDSGD,Weekly,08/06/2008 00:00,04/08/2019 00:00,583,0
NZDUSD,Daily,21/05/2015 00:00,07/08/2019 00:00,1092,239
NZDUSD,Hourly,05/06/2019 08:00,07/08/2019 02:00,1075,2
NZDUSD,Hours_4,05/12/2018 08:00,07/08/2019 00:00,1037,5
NZDUSD,Minutely,05/08/2019 14:00,07/08/2019 02:43,2060,144
NZDUSD,Minutes_15,23/07/2019 23:45,07/08/2019 02:30,971,1
NZDUSD,Minutes_30,09/07/2019 08:00,07/08/2019 02:30,998,1
NZDUSD,Minutes_5,29/07/2019 01:25,07/08/2019 02:40,2012,20
NZDUSD,Weekly,29/09/2002 00:00,04/08/2019 00:00,880,0
SG30SGD,Daily,21/05/2015 00:00,06/08/2019 00:00,1091,239
SG30SGD,Hourly,06/03/2019 08:00,06/08/2019 23:00,2067,544
SG30SGD,Hours_4,05/09/2018 08:00,06/08/2019 20:00,1426,5
SG30SGD,Minutely,09/05/2019 06:26,06/08/2019 23:44,6231,15172
SG30SGD,Minutes_15,23/04/2019 23:30,06/08/2019 23:30,2096,1593
SG30SGD,Minutes_30,09/04/2019 07:30,06/08/2019 23:30,1951,1438
SG30SGD,Minutes_5,30/04/2019 08:15,06/08/2019 23:40,4076,3981
SG30SGD,Weekly,25/01/2004 00:00,04/08/2019 00:00,807,4
SGDCHF,Daily,20/08/2015 00:00,07/08/2019 00:00,1027,239
SGDCHF,Hourly,05/06/2019 08:00,07/08/2019 02:00,1075,2
SGDCHF,Hours_4,05/12/2018 08:00,07/08/2019 00:00,1037,5
SGDCHF,Minutely,05/08/2019 15:37,07/08/2019 02:44,2071,37
SGDCHF,Minutes_15,23/07/2019 23:45,07/08/2019 02:30,971,1
SGDCHF,Minutes_30,09/07/2019 08:00,07/08/2019 02:30,998,1
SGDCHF,Minutes_5,29/07/2019 02:40,07/08/2019 02:40,2016,1
SGDCHF,Weekly,06/06/2004 00:00,04/08/2019 00:00,792,0
SGDHKD,Daily,20/08/2015 00:00,07/08/2019 00:00,1027,239
SGDHKD,Hourly,05/06/2019 08:00,07/08/2019 02:00,1075,2
SGDHKD,Hours_4,05/12/2018 08:00,07/08/2019 00:00,1037,5
SGDHKD,Minutely,05/08/2019 15:52,07/08/2019 02:45,2071,23
SGDHKD,Minutes_15,23/07/2019 23:45,07/08/2019 02:45,972,1
SGDHKD,Minutes_30,09/07/2019 08:00,07/08/2019 02:30,998,1
SGDHKD,Minutes_5,29/07/2019 02:40,07/08/2019 02:45,2018,0
SGDHKD,Weekly,08/06/2008 00:00,04/08/2019 00:00,583,0
SGDJPY,Daily,20/08/2015 00:00,07/08/2019 00:00,1027,239
SGDJPY,Hourly,05/06/2019 08:00,07/08/2019 02:00,1075,2
SGDJPY,Hours_4,05/12/2018 08:00,07/08/2019 00:00,1037,5
SGDJPY,Minutely,05/08/2019 16:00,07/08/2019 02:45,2070,16
SGDJPY,Minutes_15,24/07/2019 00:00,07/08/2019 02:45,972,0
SGDJPY,Minutes_30,09/07/2019 08:00,07/08/2019 02:30,998,1
SGDJPY,Minutes_5,29/07/2019 02:40,07/08/2019 02:45,2016,2
SGDJPY,Weekly,06/06/2004 00:00,04/08/2019 00:00,792,0
SOYBNUSD,Daily,01/04/2015 00:00,06/08/2019 00:00,1099,266
SOYBNUSD,Hourly,01/02/2019 03:00,06/08/2019 21:00,2370,796
SOYBNUSD,Hours_4,13/08/2018 12:00,06/08/2019 20:00,1470,62
SOYBNUSD,Minutely,10/04/2019 05:50,06/08/2019 21:19,14615,34578
SOYBNUSD,Minutes_15,01/04/2019 11:15,06/08/2019 21:15,2950,2315
SOYBNUSD,Minutes_30,11/03/2019 06:00,06/08/2019 21:00,2526,1830
SOYBNUSD,Minutes_5,03/04/2019 14:00,06/08/2019 21:15,6464,6948
SOYBNUSD,Weekly,16/03/2003 00:00,04/08/2019 00:00,856,0
SPX500USD,Daily,05/05/2015 00:00,07/08/2019 00:00,1102,241
SPX500USD,Hourly,15/02/2019 06:00,07/08/2019 02:00,2441,487
SPX500USD,Hours_4,20/08/2018 12:00,07/08/2019 00:00,1485,18
SPX500USD,Minutely,22/04/2019 10:43,07/08/2019 02:45,27610,11772
SPX500USD,Minutes_15,08/04/2019 13:30,07/08/2019 02:45,3219,1579
SPX500USD,Minutes_30,22/03/2019 13:00,07/08/2019 02:30,2578,1382
SPX500USD,Minutes_5,11/04/2019 17:55,07/08/2019 02:45,7184,4522
SPX500USD,Weekly,23/03/2003 00:00,04/08/2019 00:00,855,0
SUGARUSD,Daily,09/04/2015 00:00,06/08/2019 00:00,1093,267
SUGARUSD,Hourly,29/11/2018 17:00,06/08/2019 19:00,1664,2003
SUGARUSD,Hours_4,20/12/2017 08:00,06/08/2019 16:00,1216,1312
SUGARUSD,Minutely,30/04/2019 17:38,06/08/2019 19:58,6093,24093
SUGARUSD,Minutes_15,27/03/2019 16:15,06/08/2019 19:45,2019,3461
SUGARUSD,Minutes_30,21/02/2019 12:00,06/08/2019 19:30,2034,2550
SUGARUSD,Minutes_5,08/04/2019 19:50,06/08/2019 19:55,4041,8423
SUGARUSD,Weekly,09/03/2003 00:00,04/08/2019 00:00,857,0
TRYJPY,Daily,20/08/2015 00:00,07/08/2019 00:00,1027,239
TRYJPY,Hourly,05/06/2019 08:00,07/08/2019 02:00,1075,2
TRYJPY,Hours_4,05/12/2018 08:00,07/08/2019 00:00,1037,5
TRYJPY,Minutely,05/08/2019 15:27,07/08/2019 02:45,2060,59
TRYJPY,Minutes_15,24/07/2019 00:00,07/08/2019 02:45,972,0
TRYJPY,Minutes_30,09/07/2019 08:00,07/08/2019 02:30,998,1
TRYJPY,Minutes_5,29/07/2019 02:30,07/08/2019 02:45,2018,2
TRYJPY,Weekly,18/02/2007 00:00,04/08/2019 00:00,651,0
TWIXUSD,Daily,17/04/2015 00:00,06/08/2019 00:00,1091,263
TWIXUSD,Hourly,06/03/2019 06:00,06/08/2019 23:00,2067,546
TWIXUSD,Hours_4,05/09/2018 08:00,06/08/2019 20:00,1426,5
TWIXUSD,Minutely,09/05/2019 03:57,06/08/2019 23:44,6259,15293
TWIXUSD,Minutes_15,23/04/2019 11:00,06/08/2019 23:30,2082,1657
TWIXUSD,Minutes_30,08/04/2019 17:30,06/08/2019 23:30,1951,1466
TWIXUSD,Minutes_5,29/04/2019 04:35,06/08/2019 23:40,4047,4340
TWIXUSD,Weekly,04/09/2011 00:00,04/08/2019 00:00,410,4
UK100GBP,Daily,23/04/2015 00:00,06/08/2019 00:00,1089,261
UK100GBP,Hourly,28/02/2019 07:00,06/08/2019 22:00,2032,675
UK100GBP,Hours_4,17/08/2018 08:00,06/08/2019 20:00,1441,68
UK100GBP,Minutely,09/05/2019 07:00,06/08/2019 22:59,6254,15070
UK100GBP,Minutes_15,18/04/2019 09:45,06/08/2019 22:45,2106,1923
UK100GBP,Minutes_30,01/04/2019 15:00,06/08/2019 22:30,2014,1646
UK100GBP,Minutes_5,26/04/2019 18:00,06/08/2019 22:55,4073,4431
UK100GBP,Weekly,23/03/2003 00:00,04/08/2019 00:00,855,0
UK10YBGBP,Daily,14/04/2015 00:00,06/08/2019 00:00,1094,263
UK10YBGBP,Hourly,04/12/2018 16:00,06/08/2019 19:00,1674,1964
UK10YBGBP,Hours_4,11/01/2018 08:00,06/08/2019 16:00,1219,1225
UK10YBGBP,Minutely,07/05/2019 13:45,06/08/2019 19:58,6154,17362
UK10YBGBP,Minutes_15,01/04/2019 16:00,06/08/2019 19:45,2029,3211
UK10YBGBP,Minutes_30,28/02/2019 12:00,06/08/2019 19:30,2039,2450
UK10YBGBP,Minutes_5,15/04/2019 11:20,06/08/2019 19:55,4039,7092
UK10YBGBP,Weekly,29/06/2003 00:00,04/08/2019 00:00,841,0
US2000USD,Daily,19/05/2015 00:00,07/08/2019 00:00,1097,236
US2000USD,Hourly,11/03/2019 02:00,07/08/2019 02:00,2083,465
US2000USD,Hours_4,03/09/2018 12:00,07/08/2019 00:00,1425,18
US2000USD,Minutely,09/05/2019 10:46,07/08/2019 02:45,6250,15074
US2000USD,Minutes_15,26/04/2019 09:30,07/08/2019 02:45,2053,1417
US2000USD,Minutes_30,10/04/2019 08:00,07/08/2019 02:30,1990,1356
US2000USD,Minutes_5,01/05/2019 15:55,07/08/2019 02:45,4109,3606
US2000USD,Weekly,23/03/2003 00:00,04/08/2019 00:00,855,0
US30USD,Daily,05/05/2015 00:00,07/08/2019 00:00,1102,241
US30USD,Hourly,15/02/2019 06:00,07/08/2019 02:00,2257,671
US30USD,Hours_4,20/08/2018 16:00,07/08/2019 00:00,1485,17
US30USD,Minutely,17/04/2019 20:47,07/08/2019 02:45,13349,29359
US30USD,Minutes_15,05/04/2019 04:30,07/08/2019 02:45,2154,2776
US30USD,Minutes_30,22/03/2019 13:00,07/08/2019 02:30,1975,1985
US30USD,Minutes_5,11/04/2019 09:30,07/08/2019 02:45,4156,7651
US30USD,Weekly,23/03/2003 00:00,04/08/2019 00:00,855,0
USB02YUSD,Daily,07/05/2015 00:00,07/08/2019 00:00,1102,239
USB02YUSD,Hourly,14/02/2019 22:00,07/08/2019 02:00,2151,785
USB02YUSD,Hours_4,20/08/2018 08:00,07/08/2019 00:00,1485,19
USB02YUSD,Minutely,16/04/2019 15:13,07/08/2019 02:45,6210,38216
USB02YUSD,Minutes_15,04/04/2019 10:30,07/08/2019 02:45,2159,2843
USB02YUSD,Minutes_30,22/03/2019 03:30,07/08/2019 02:30,1987,1992
USB02YUSD,Minutes_5,08/04/2019 18:10,07/08/2019 02:45,4120,8446
USB02YUSD,Weekly,06/04/2003 00:00,04/08/2019 00:00,853,0
USB05YUSD,Daily,07/05/2015 00:00,07/08/2019 00:00,1102,239
USB05YUSD,Hourly,14/02/2019 22:00,07/08/2019 02:00,2317,619
USB05YUSD,Hours_4,20/08/2018 12:00,07/08/2019 00:00,1485,18
USB05YUSD,Minutely,16/04/2019 13:22,07/08/2019 02:44,6211,38325
USB05YUSD,Minutes_15,04/04/2019 11:00,07/08/2019 02:30,2162,2837
USB05YUSD,Minutes_30,22/03/2019 05:30,07/08/2019 02:30,1991,1984
USB05YUSD,Minutes_5,08/04/2019 20:55,07/08/2019 02:40,4137,8395
USB05YUSD,Weekly,06/04/2003 00:00,04/08/2019 00:00,853,0
USB10YUSD,Daily,07/05/2015 00:00,07/08/2019 00:00,1102,239
USB10YUSD,Hourly,14/02/2019 22:00,07/08/2019 02:00,2152,784
USB10YUSD,Hours_4,20/08/2018 12:00,07/08/2019 00:00,1485,18
USB10YUSD,Minutely,16/04/2019 15:38,07/08/2019 02:44,6144,38256
USB10YUSD,Minutes_15,05/04/2019 22:15,07/08/2019 02:30,2049,2809
USB10YUSD,Minutes_30,22/03/2019 04:30,07/08/2019 02:30,1993,1984
USB10YUSD,Minutes_5,08/04/2019 21:40,07/08/2019 02:40,4145,8378
USB10YUSD,Weekly,23/03/2003 00:00,04/08/2019 00:00,855,0
USB30YUSD,Daily,07/05/2015 00:00,07/08/2019 00:00,1102,239
USB30YUSD,Hourly,14/02/2019 17:00,07/08/2019 02:00,2150,791
USB30YUSD,Hours_4,20/08/2018 12:00,07/08/2019 00:00,1485,18
USB30YUSD,Minutely,16/04/2019 16:52,07/08/2019 02:45,6221,38106
USB30YUSD,Minutes_15,04/04/2019 08:00,07/08/2019 02:45,2169,2843
USB30YUSD,Minutes_30,22/03/2019 04:00,07/08/2019 02:30,1987,1991
USB30YUSD,Minutes_5,08/04/2019 19:35,07/08/2019 02:45,4156,8393
USB30YUSD,Weekly,23/03/2003 00:00,04/08/2019 00:00,855,0
USDCAD,Daily,28/05/2015 00:00,07/08/2019 00:00,1089,237
USDCAD,Hourly,05/06/2019 10:00,07/08/2019 02:00,1075,0
USDCAD,Hours_4,05/12/2018 16:00,07/08/2019 00:00,1037,3
USDCAD,Minutely,05/08/2019 14:39,07/08/2019 02:45,2069,98
USDCAD,Minutes_15,24/07/2019 00:00,07/08/2019 02:45,972,0
USDCAD,Minutes_30,09/07/2019 08:30,07/08/2019 02:30,998,0
USDCAD,Minutes_5,29/07/2019 02:25,07/08/2019 02:45,2014,7
USDCAD,Weekly,12/05/2002 00:00,04/08/2019 00:00,900,0
USDCHF,Daily,21/05/2015 00:00,07/08/2019 00:00,1092,239
USDCHF,Hourly,05/06/2019 08:00,07/08/2019 02:00,1075,2
USDCHF,Hours_4,21/12/2009 00:00,07/08/2019 00:00,6946,3630
USDCHF,Minutely,05/08/2019 13:43,07/08/2019 02:43,2061,160
USDCHF,Minutes_15,23/07/2019 22:45,07/08/2019 02:30,971,5
USDCHF,Minutes_30,09/07/2019 07:30,07/08/2019 02:30,998,2
USDCHF,Minutes_5,26/07/2019 22:50,07/08/2019 02:40,2012,51
USDCHF,Weekly,12/05/2002 00:00,04/08/2019 00:00,900,0
USDCNH,Daily,29/05/2015 00:00,07/08/2019 00:00,1089,236
USDCNH,Hourly,05/06/2019 10:00,07/08/2019 02:00,1075,0
USDCNH,Hours_4,05/12/2018 20:00,07/08/2019 00:00,1037,2
USDCNH,Minutely,05/08/2019 16:16,07/08/2019 02:45,2064,6
USDCNH,Minutes_15,24/07/2019 00:00,07/08/2019 02:45,972,0
USDCNH,Minutes_30,09/07/2019 08:30,07/08/2019 02:30,998,0
USDCNH,Minutes_5,29/07/2019 02:40,07/08/2019 02:45,2018,0
USDCNH,Weekly,06/02/2011 00:00,04/08/2019 00:00,444,0
USDCZK,Daily,25/08/2015 00:00,07/08/2019 00:00,1027,236
USDCZK,Hourly,05/06/2019 10:00,07/08/2019 02:00,1075,0
USDCZK,Hours_4,05/12/2018 20:00,07/08/2019 00:00,1037,2
USDCZK,Minutely,05/08/2019 16:18,07/08/2019 02:45,2064,4
USDCZK,Minutes_15,24/07/2019 00:00,07/08/2019 02:45,972,0
USDCZK,Minutes_30,09/07/2019 08:30,07/08/2019 02:30,998,0
USDCZK,Minutes_5,29/07/2019 02:40,07/08/2019 02:45,2018,0
USDCZK,Weekly,06/06/2004 00:00,04/08/2019 00:00,792,0
USDDKK,Daily,25/08/2015 00:00,07/08/2019 00:00,1027,236
USDDKK,Hourly,05/06/2019 10:00,07/08/2019 02:00,1075,0
USDDKK,Hours_4,05/12/2018 20:00,07/08/2019 00:00,1037,2
USDDKK,Minutely,05/08/2019 16:19,07/08/2019 02:45,2064,3
USDDKK,Minutes_15,24/07/2019 00:00,07/08/2019 02:45,972,0
USDDKK,Minutes_30,09/07/2019 08:30,07/08/2019 02:30,998,0
USDDKK,Minutes_5,29/07/2019 02:40,07/08/2019 02:45,2018,0
USDDKK,Weekly,06/06/2004 00:00,04/08/2019 00:00,792,0
USDHKD,Daily,21/08/2015 00:00,07/08/2019 00:00,1027,238
USDHKD,Hourly,05/06/2019 08:00,07/08/2019 02:00,1075,2
USDHKD,Hours_4,05/12/2018 12:00,07/08/2019 00:00,1037,4
USDHKD,Minutely,05/08/2019 11:03,07/08/2019 02:44,2068,314
USDHKD,Minutes_15,23/07/2019 22:30,07/08/2019 02:30,971,6
USDHKD,Minutes_30,09/07/2019 08:00,07/08/2019 02:30,998,1
USDHKD,Minutes_5,26/07/2019 22:20,07/08/2019 02:40,2004,65
USDHKD,Weekly,18/01/2004 00:00,04/08/2019 00:00,812,0
USDHUF,Daily,25/08/2015 00:00,07/08/2019 00:00,1027,236
USDHUF,Hourly,05/06/2019 10:00,07/08/2019 02:00,1075,0
USDHUF,Hours_4,05/12/2018 20:00,07/08/2019 00:00,1037,2
USDHUF,Minutely,05/08/2019 16:06,07/08/2019 02:45,2062,18
USDHUF,Minutes_15,24/07/2019 00:00,07/08/2019 02:45,972,0
USDHUF,Minutes_30,09/07/2019 08:30,07/08/2019 02:30,998,0
USDHUF,Minutes_5,29/07/2019 02:40,07/08/2019 02:45,2018,0
USDHUF,Weekly,06/06/2004 00:00,04/08/2019 00:00,791,1
USDINR,Daily,20/08/2015 00:00,06/08/2019 00:00,1026,239
USDINR,Hourly,21/05/2019 18:00,06/08/2019 22:00,1061,264
USDINR,Hours_4,19/11/2018 12:00,06/08/2019 20:00,1035,77
USDINR,Minutely,02/08/2019 12:57,06/08/2019 22:58,2048,1430
USDINR,Minutes_15,17/07/2019 14:15,06/08/2019 22:45,1033,318
USDINR,Minutes_30,01/07/2019 18:00,06/08/2019 22:30,968,279
USDINR,Minutes_5,23/07/2019 10:15,06/08/2019 22:55,2048,915
USDINR,Weekly,18/02/2007 00:00,04/08/2019 00:00,651,0
USDJPY,Daily,21/05/2015 00:00,07/08/2019 00:00,1092,239
USDJPY,Hourly,06/03/2019 16:00,07/08/2019 02:00,2041,565
USDJPY,Hours_4,21/12/2009 00:00,07/08/2019 00:00,6946,3630
USDJPY,Minutely,05/08/2019 15:39,07/08/2019 02:45,2069,38
USDJPY,Minutes_15,24/07/2019 00:00,07/08/2019 02:45,972,0
USDJPY,Minutes_30,09/07/2019 08:00,07/08/2019 02:30,998,1
USDJPY,Minutes_5,29/07/2019 02:35,07/08/2019 02:45,2014,5
USDJPY,Weekly,12/05/2002 00:00,04/08/2019 00:00,900,0
USDMXN,Daily,21/08/2015 00:00,07/08/2019 00:00,1027,238
USDMXN,Hourly,05/06/2019 09:00,07/08/2019 02:00,1075,1
USDMXN,Hours_4,05/12/2018 12:00,07/08/2019 00:00,1037,4
USDMXN,Minutely,05/08/2019 16:20,07/08/2019 02:45,2063,3
USDMXN,Minutes_15,24/07/2019 00:00,07/08/2019 02:45,972,0
USDMXN,Minutes_30,09/07/2019 08:30,07/08/2019 02:30,998,0
USDMXN,Minutes_5,29/07/2019 02:40,07/08/2019 02:45,2018,0
USDMXN,Weekly,12/05/2002 00:00,04/08/2019 00:00,900,0
USDNOK,Daily,25/08/2015 00:00,07/08/2019 00:00,1027,236
USDNOK,Hourly,05/06/2019 10:00,07/08/2019 02:00,1075,0
USDNOK,Hours_4,05/12/2018 20:00,07/08/2019 00:00,1037,2
USDNOK,Minutely,05/08/2019 16:21,07/08/2019 02:45,2063,2
USDNOK,Minutes_15,24/07/2019 00:00,07/08/2019 02:45,972,0
USDNOK,Minutes_30,09/07/2019 08:30,07/08/2019 02:30,998,0
USDNOK,Minutes_5,29/07/2019 02:40,07/08/2019 02:45,2018,0
USDNOK,Weekly,07/09/2003 00:00,04/08/2019 00:00,831,0
USDPLN,Daily,25/08/2015 00:00,07/08/2019 00:00,1027,236
USDPLN,Hourly,05/06/2019 10:00,07/08/2019 02:00,1075,0
USDPLN,Hours_4,05/12/2018 20:00,07/08/2019 00:00,1037,2
USDPLN,Minutely,05/08/2019 16:16,07/08/2019 02:45,2062,8
USDPLN,Minutes_15,24/07/2019 00:00,07/08/2019 02:45,972,0
USDPLN,Minutes_30,09/07/2019 08:30,07/08/2019 02:30,998,0
USDPLN,Minutes_5,29/07/2019 02:40,07/08/2019 02:45,2018,0
USDPLN,Weekly,06/06/2004 00:00,04/08/2019 00:00,792,0
USDSAR,Daily,20/08/2015 00:00,07/08/2019 00:00,1027,239
USDSAR,Hourly,14/05/2019 08:00,07/08/2019 01:00,1059,393
USDSAR,Hours_4,30/11/2018 00:00,07/08/2019 00:00,1037,25
USDSAR,Minutely,03/07/2019 09:03,07/08/2019 01:41,2048,10510
USDSAR,Minutes_15,12/06/2019 18:15,07/08/2019 01:30,1086,1365
USDSAR,Minutes_30,05/06/2019 09:30,07/08/2019 01:30,1074,948
USDSAR,Minutes_5,04/06/2019 21:05,07/08/2019 01:40,1999,3608
USDSAR,Weekly,25/01/2004 00:00,04/08/2019 00:00,811,0
USDSEK,Daily,26/08/2015 00:00,07/08/2019 00:00,1027,235
USDSEK,Hourly,05/06/2019 10:00,07/08/2019 02:00,1075,0
USDSEK,Hours_4,06/12/2018 00:00,07/08/2019 00:00,1037,1
USDSEK,Minutely,05/08/2019 16:10,07/08/2019 02:45,2062,14
USDSEK,Minutes_15,24/07/2019 00:00,07/08/2019 02:45,972,0
USDSEK,Minutes_30,09/07/2019 08:30,07/08/2019 02:30,998,0
USDSEK,Minutes_5,29/07/2019 02:40,07/08/2019 02:45,2018,0
USDSEK,Weekly,06/06/2004 00:00,04/08/2019 00:00,792,0
USDSGD,Daily,21/08/2015 00:00,07/08/2019 00:00,1027,238
USDSGD,Hourly,05/06/2019 09:00,07/08/2019 02:00,1075,1
USDSGD,Hours_4,05/12/2018 12:00,07/08/2019 00:00,1037,4
USDSGD,Minutely,05/08/2019 15:43,07/08/2019 02:45,2069,34
USDSGD,Minutes_15,24/07/2019 00:00,07/08/2019 02:45,972,0
USDSGD,Minutes_30,09/07/2019 08:00,07/08/2019 02:30,998,1
USDSGD,Minutes_5,29/07/2019 02:40,07/08/2019 02:45,2018,0
USDSGD,Weekly,12/05/2002 00:00,04/08/2019 00:00,900,0
USDTHB,Daily,24/08/2015 00:00,07/08/2019 00:00,1027,237
USDTHB,Hourly,05/06/2019 09:00,07/08/2019 02:00,1075,1
USDTHB,Hours_4,05/12/2018 16:00,07/08/2019 00:00,1037,3
USDTHB,Minutely,05/08/2019 01:19,07/08/2019 02:42,2057,907
USDTHB,Minutes_15,23/07/2019 18:00,07/08/2019 02:30,966,29
USDTHB,Minutes_30,09/07/2019 06:30,07/08/2019 02:30,998,4
USDTHB,Minutes_5,26/07/2019 01:10,07/08/2019 02:40,2050,273
USDTHB,Weekly,25/01/2004 00:00,04/08/2019 00:00,811,0
USDTRY,Daily,26/08/2015 00:00,07/08/2019 00:00,1027,235
USDTRY,Hourly,05/06/2019 10:00,07/08/2019 02:00,1075,0
USDTRY,Hours_4,06/12/2018 00:00,07/08/2019 00:00,1037,1
USDTRY,Minutely,05/08/2019 16:17,07/08/2019 02:45,2061,8
USDTRY,Minutes_15,24/07/2019 00:00,07/08/2019 02:45,972,0
USDTRY,Minutes_30,09/07/2019 08:30,07/08/2019 02:30,998,0
USDTRY,Minutes_5,29/07/2019 02:40,07/08/2019 02:45,2017,1
USDTRY,Weekly,18/02/2007 00:00,04/08/2019 00:00,651,0
USDZAR,Daily,26/08/2015 00:00,07/08/2019 00:00,1027,235
USDZAR,Hourly,05/06/2019 10:00,07/08/2019 02:00,1075,0
USDZAR,Hours_4,06/12/2018 00:00,07/08/2019 00:00,1037,1
USDZAR,Minutely,05/08/2019 16:05,07/08/2019 02:45,2061,20
USDZAR,Minutes_15,24/07/2019 00:00,07/08/2019 02:45,972,0
USDZAR,Minutes_30,09/07/2019 08:30,07/08/2019 02:30,998,0
USDZAR,Minutes_5,29/07/2019 02:40,07/08/2019 02:45,2018,0
USDZAR,Weekly,12/05/2002 00:00,04/08/2019 00:00,900,0
WHEATUSD,Daily,23/04/2015 00:00,06/08/2019 00:00,1084,266
WHEATUSD,Hourly,16/05/2019 10:00,06/08/2019 21:00,1062,340
WHEATUSD,Hours_4,26/11/2018 20:00,06/08/2019 20:00,1036,44
WHEATUSD,Minutely,02/08/2019 08:31,06/08/2019 21:18,2048,1596
WHEATUSD,Minutes_15,17/07/2019 08:00,06/08/2019 21:15,1038,332
WHEATUSD,Minutes_30,27/06/2019 08:30,06/08/2019 21:00,968,383
WHEATUSD,Minutes_5,23/07/2019 12:45,06/08/2019 21:15,2048,865
WHEATUSD,Weekly,16/03/2003 00:00,04/08/2019 00:00,856,0
WTICOUSD,Daily,08/05/2015 00:00,07/08/2019 00:00,1102,238
WTICOUSD,Hourly,15/02/2019 07:00,07/08/2019 02:00,2392,535
WTICOUSD,Hours_4,20/08/2018 16:00,07/08/2019 00:00,1485,17
WTICOUSD,Minutely,22/04/2019 15:39,07/08/2019 02:45,6177,32909
WTICOUSD,Minutes_15,08/04/2019 16:00,07/08/2019 02:45,2077,2711
WTICOUSD,Minutes_30,22/03/2019 13:00,07/08/2019 02:30,1999,1961
WTICOUSD,Minutes_5,11/04/2019 22:35,07/08/2019 02:45,4159,7491
WTICOUSD,Weekly,26/01/2003 00:00,04/08/2019 00:00,863,0
XAGAUD,Daily,17/08/2015 00:00,07/08/2019 00:00,1027,242
XAGAUD,Hourly,03/06/2019 08:00,07/08/2019 02:00,1072,53
XAGAUD,Hours_4,03/12/2018 16:00,07/08/2019 00:00,1037,15
XAGAUD,Minutely,05/08/2019 12:46,07/08/2019 02:44,2052,227
XAGAUD,Minutes_15,22/07/2019 07:00,07/08/2019 02:30,1087,47
XAGAUD,Minutes_30,08/07/2019 13:00,07/08/2019 02:30,992,45
XAGAUD,Minutes_5,26/07/2019 14:15,07/08/2019 02:40,2049,117
XAGAUD,Weekly,19/03/2006 00:00,04/08/2019 00:00,699,0
XAGCAD,Daily,18/08/2015 00:00,07/08/2019 00:00,1027,241
XAGCAD,Hourly,03/06/2019 09:00,07/08/2019 02:00,1072,52
XAGCAD,Hours_4,03/12/2018 20:00,07/08/2019 00:00,1037,14
XAGCAD,Minutely,05/08/2019 13:46,07/08/2019 02:45,2054,166
XAGCAD,Minutes_15,22/07/2019 07:00,07/08/2019 02:45,1088,47
XAGCAD,Minutes_30,08/07/2019 13:30,07/08/2019 02:30,992,44
XAGCAD,Minutes_5,26/07/2019 14:35,07/08/2019 02:45,2050,113
XAGCAD,Weekly,19/03/2006 00:00,04/08/2019 00:00,699,0
XAGCHF,Daily,17/08/2015 00:00,07/08/2019 00:00,1027,242
XAGCHF,Hourly,03/06/2019 08:00,07/08/2019 02:00,1072,53
XAGCHF,Hours_4,27/08/2018 16:00,07/08/2019 00:00,1455,17
XAGCHF,Minutely,05/08/2019 13:06,07/08/2019 02:44,2053,206
XAGCHF,Minutes_15,22/07/2019 07:00,07/08/2019 02:30,1087,47
XAGCHF,Minutes_30,08/07/2019 13:00,07/08/2019 02:30,992,45
XAGCHF,Minutes_5,26/07/2019 14:15,07/08/2019 02:40,2049,117
XAGCHF,Weekly,19/03/2006 00:00,04/08/2019 00:00,699,0
XAGEUR,Daily,17/08/2015 00:00,07/08/2019 00:00,1027,242
XAGEUR,Hourly,03/06/2019 08:00,07/08/2019 02:00,1072,53
XAGEUR,Hours_4,03/12/2018 16:00,07/08/2019 00:00,1037,15
XAGEUR,Minutely,05/08/2019 14:00,07/08/2019 02:45,2054,152
XAGEUR,Minutes_15,22/07/2019 07:00,07/08/2019 02:45,1088,47
XAGEUR,Minutes_30,08/07/2019 13:00,07/08/2019 02:30,992,45
XAGEUR,Minutes_5,26/07/2019 14:40,07/08/2019 02:45,2050,112
XAGEUR,Weekly,19/03/2006 00:00,04/08/2019 00:00,699,0
XAGHKD,Daily,18/08/2015 00:00,07/08/2019 00:00,1027,241
XAGHKD,Hourly,03/06/2019 09:00,07/08/2019 02:00,1072,52
XAGHKD,Hours_4,03/12/2018 20:00,07/08/2019 00:00,1037,14
XAGHKD,Minutely,05/08/2019 12:55,07/08/2019 02:44,2052,218
XAGHKD,Minutes_15,22/07/2019 07:00,07/08/2019 02:30,1087,47
XAGHKD,Minutes_30,08/07/2019 13:30,07/08/2019 02:30,992,44
XAGHKD,Minutes_5,26/07/2019 14:35,07/08/2019 02:40,2048,114
XAGHKD,Weekly,08/06/2008 00:00,04/08/2019 00:00,583,0
XAGJPY,Daily,18/08/2015 00:00,07/08/2019 00:00,1027,241
XAGJPY,Hourly,03/06/2019 09:00,07/08/2019 02:00,1072,52
XAGJPY,Hours_4,03/12/2018 20:00,07/08/2019 00:00,1037,14
XAGJPY,Minutely,05/08/2019 12:37,07/08/2019 02:45,2053,236
XAGJPY,Minutes_15,22/07/2019 07:00,07/08/2019 02:45,1088,47
XAGJPY,Minutes_30,08/07/2019 13:30,07/08/2019 02:30,992,44
XAGJPY,Minutes_5,26/07/2019 13:40,07/08/2019 02:45,2049,125
XAGJPY,Weekly,19/03/2006 00:00,04/08/2019 00:00,699,0
XAGNZD,Daily,17/08/2015 00:00,07/08/2019 00:00,1027,242
XAGNZD,Hourly,03/06/2019 08:00,07/08/2019 02:00,1072,53
XAGNZD,Hours_4,03/12/2018 16:00,07/08/2019 00:00,1037,15
XAGNZD,Minutely,05/08/2019 13:08,07/08/2019 02:44,2051,206
XAGNZD,Minutes_15,22/07/2019 07:00,07/08/2019 02:30,1087,47
XAGNZD,Minutes_30,08/07/2019 13:00,07/08/2019 02:30,992,45
XAGNZD,Minutes_5,26/07/2019 14:35,07/08/2019 02:40,2048,114
XAGNZD,Weekly,19/03/2006 00:00,04/08/2019 00:00,699,0
XAGSGD,Daily,18/08/2015 00:00,07/08/2019 00:00,1027,241
XAGSGD,Hourly,03/06/2019 09:00,07/08/2019 02:00,1072,52
XAGSGD,Hours_4,03/12/2018 20:00,07/08/2019 00:00,1037,14
XAGSGD,Minutely,05/08/2019 14:12,07/08/2019 02:45,2052,142
XAGSGD,Minutes_15,22/07/2019 07:00,07/08/2019 02:45,1088,47
XAGSGD,Minutes_30,08/07/2019 13:30,07/08/2019 02:30,992,44
XAGSGD,Minutes_5,26/07/2019 14:45,07/08/2019 02:45,2049,112
XAGSGD,Weekly,08/06/2008 00:00,04/08/2019 00:00,583,0
XAGUSD,Daily,19/05/2015 00:00,07/08/2019 00:00,1093,240
XAGUSD,Hourly,03/06/2019 09:00,07/08/2019 02:00,1072,52
XAGUSD,Hours_4,04/12/2018 00:00,07/08/2019 00:00,1037,13
XAGUSD,Minutely,05/08/2019 08:51,07/08/2019 02:44,2051,463
XAGUSD,Minutes_15,22/07/2019 07:00,07/08/2019 02:30,1087,47
XAGUSD,Minutes_30,08/07/2019 13:30,07/08/2019 02:30,992,44
XAGUSD,Minutes_5,26/07/2019 12:10,07/08/2019 02:40,2049,142
XAGUSD,Weekly,19/03/2006 00:00,04/08/2019 00:00,699,0
XAUAUD,Daily,17/08/2015 00:00,07/08/2019 00:00,1027,242
XAUAUD,Hourly,03/06/2019 08:00,07/08/2019 02:00,1072,53
XAUAUD,Hours_4,03/12/2018 16:00,07/08/2019 00:00,1037,15
XAUAUD,Minutely,05/08/2019 14:11,07/08/2019 02:45,2053,142
XAUAUD,Minutes_15,22/07/2019 07:00,07/08/2019 02:45,1088,47
XAUAUD,Minutes_30,08/07/2019 13:00,07/08/2019 02:30,992,45
XAUAUD,Minutes_5,26/07/2019 14:45,07/08/2019 02:45,2049,112
XAUAUD,Weekly,19/03/2006 00:00,04/08/2019 00:00,699,0
XAUCAD,Daily,19/08/2015 00:00,07/08/2019 00:00,1027,240
XAUCAD,Hourly,03/06/2019 10:00,07/08/2019 02:00,1072,51
XAUCAD,Hours_4,04/12/2018 00:00,07/08/2019 00:00,1037,13
XAUCAD,Minutely,05/08/2019 14:13,07/08/2019 02:45,2052,141
XAUCAD,Minutes_15,22/07/2019 07:00,07/08/2019 02:45,1088,47
XAUCAD,Minutes_30,08/07/2019 13:30,07/08/2019 02:30,992,44
XAUCAD,Minutes_5,26/07/2019 14:45,07/08/2019 02:45,2049,112
XAUCAD,Weekly,19/03/2006 00:00,04/08/2019 00:00,699,0
XAUCHF,Daily,18/08/2015 00:00,07/08/2019 00:00,1027,241
XAUCHF,Hourly,03/06/2019 09:00,07/08/2019 02:00,1072,52
XAUCHF,Hours_4,03/12/2018 20:00,07/08/2019 00:00,1037,14
XAUCHF,Minutely,05/08/2019 14:12,07/08/2019 02:45,2051,143
XAUCHF,Minutes_15,22/07/2019 07:00,07/08/2019 02:45,1088,47
XAUCHF,Minutes_30,08/07/2019 13:30,07/08/2019 02:30,992,44
XAUCHF,Minutes_5,26/07/2019 14:40,07/08/2019 02:45,2049,113
XAUCHF,Weekly,19/03/2006 00:00,04/08/2019 00:00,699,0
XAUEUR,Daily,17/08/2015 00:00,07/08/2019 00:00,1027,242
XAUEUR,Hourly,03/06/2019 08:00,07/08/2019 02:00,1072,53
XAUEUR,Hours_4,03/12/2018 16:00,07/08/2019 00:00,1037,15
XAUEUR,Minutely,05/08/2019 14:11,07/08/2019 02:45,2051,144
XAUEUR,Minutes_15,22/07/2019 07:00,07/08/2019 02:45,1088,47
XAUEUR,Minutes_30,08/07/2019 13:00,07/08/2019 02:30,992,45
XAUEUR,Minutes_5,26/07/2019 14:45,07/08/2019 02:45,2049,112
XAUEUR,Weekly,19/03/2006 00:00,04/08/2019 00:00,699,0
XAUGBP,Daily,17/08/2015 00:00,07/08/2019 00:00,1027,242
XAUGBP,Hourly,03/06/2019 08:00,07/08/2019 02:00,1072,53
XAUGBP,Hours_4,03/12/2018 16:00,07/08/2019 00:00,1037,15
XAUGBP,Minutely,05/08/2019 14:13,07/08/2019 02:45,2051,142
XAUGBP,Minutes_15,22/07/2019 07:00,07/08/2019 02:45,1088,47
XAUGBP,Minutes_30,08/07/2019 13:00,07/08/2019 02:30,992,45
XAUGBP,Minutes_5,26/07/2019 14:45,07/08/2019 02:45,2049,112
XAUGBP,Weekly,19/03/2006 00:00,04/08/2019 00:00,699,0
XAUHKD,Daily,18/08/2015 00:00,07/08/2019 00:00,1027,241
XAUHKD,Hourly,03/06/2019 09:00,07/08/2019 02:00,1072,52
XAUHKD,Hours_4,03/12/2018 20:00,07/08/2019 00:00,1037,14
XAUHKD,Minutely,05/08/2019 14:14,07/08/2019 02:45,2050,142
XAUHKD,Minutes_15,22/07/2019 07:00,07/08/2019 02:45,1088,47
XAUHKD,Minutes_30,08/07/2019 13:30,07/08/2019 02:30,992,44
XAUHKD,Minutes_5,26/07/2019 14:45,07/08/2019 02:45,2049,112
XAUHKD,Weekly,08/06/2008 00:00,04/08/2019 00:00,583,0
XAUJPY,Daily,17/08/2015 00:00,07/08/2019 00:00,1027,242
XAUJPY,Hourly,03/06/2019 08:00,07/08/2019 02:00,1072,53
XAUJPY,Hours_4,03/12/2018 16:00,07/08/2019 00:00,1037,15
XAUJPY,Minutely,05/08/2019 14:16,07/08/2019 02:45,2050,140
XAUJPY,Minutes_15,22/07/2019 07:00,07/08/2019 02:45,1088,47
XAUJPY,Minutes_30,08/07/2019 13:00,07/08/2019 02:30,992,45
XAUJPY,Minutes_5,26/07/2019 14:45,07/08/2019 02:45,2049,112
XAUJPY,Weekly,19/03/2006 00:00,04/08/2019 00:00,699,0
XAUNZD,Daily,17/08/2015 00:00,07/08/2019 00:00,1027,242
XAUNZD,Hourly,03/06/2019 08:00,07/08/2019 02:00,1072,53
XAUNZD,Hours_4,03/12/2018 16:00,07/08/2019 00:00,1037,15
XAUNZD,Minutely,05/08/2019 14:15,07/08/2019 02:45,2050,141
XAUNZD,Minutes_15,22/07/2019 07:00,07/08/2019 02:45,1088,47
XAUNZD,Minutes_30,08/07/2019 13:00,07/08/2019 02:30,992,45
XAUNZD,Minutes_5,26/07/2019 14:45,07/08/2019 02:45,2049,112
XAUNZD,Weekly,19/03/2006 00:00,04/08/2019 00:00,699,0
XAUSGD,Daily,19/08/2015 00:00,07/08/2019 00:00,1027,240
XAUSGD,Hourly,03/06/2019 10:00,07/08/2019 02:00,1072,51
XAUSGD,Hours_4,04/12/2018 00:00,07/08/2019 00:00,1037,13
XAUSGD,Minutely,05/08/2019 14:16,07/08/2019 02:45,2050,140
XAUSGD,Minutes_15,22/07/2019 07:00,07/08/2019 02:45,1088,47
XAUSGD,Minutes_30,08/07/2019 13:30,07/08/2019 02:30,992,44
XAUSGD,Minutes_5,26/07/2019 14:45,07/08/2019 02:45,2049,112
XAUSGD,Weekly,08/06/2008 00:00,04/08/2019 00:00,583,0
XAUUSD,Daily,05/05/2015 00:00,07/08/2019 00:00,1103,240
XAUUSD,Hourly,15/02/2019 08:00,07/08/2019 02:00,2151,775
XAUUSD,Hours_4,20/08/2018 20:00,07/08/2019 00:00,1486,15
XAUUSD,Minutely,05/08/2019 14:31,07/08/2019 02:45,2050,125
XAUUSD,Minutes_15,22/07/2019 07:00,07/08/2019 02:45,1088,47
XAUUSD,Minutes_30,27/03/2019 08:00,07/08/2019 02:30,2118,1708
XAUUSD,Minutes_5,26/07/2019 16:00,07/08/2019 02:45,2049,97
XAUUSD,Weekly,19/03/2006 00:00,04/08/2019 00:00,699,0
XAUXAG,Daily,18/08/2015 00:00,07/08/2019 00:00,1027,241
XAUXAG,Hourly,03/06/2019 09:00,07/08/2019 02:00,1072,52
XAUXAG,Hours_4,03/12/2018 20:00,07/08/2019 00:00,1037,14
XAUXAG,Minutely,05/08/2019 14:13,07/08/2019 02:45,2049,144
XAUXAG,Minutes_15,22/07/2019 07:00,07/08/2019 02:45,1088,47
XAUXAG,Minutes_30,08/07/2019 13:30,07/08/2019 02:30,992,44
XAUXAG,Minutes_5,26/07/2019 14:45,07/08/2019 02:45,2049,112
XAUXAG,Weekly,19/03/2006 00:00,04/08/2019 00:00,699,0
XCUUSD,Daily,07/05/2015 00:00,07/08/2019 00:00,1102,239
XCUUSD,Hourly,15/02/2019 06:00,07/08/2019 02:00,2152,776
XCUUSD,Hours_4,20/08/2018 16:00,07/08/2019 00:00,1485,17
XCUUSD,Minutely,22/04/2019 06:48,07/08/2019 02:45,6225,33392
XCUUSD,Minutes_15,08/04/2019 16:00,07/08/2019 02:45,2075,2713
XCUUSD,Minutes_30,22/03/2019 13:00,07/08/2019 02:30,1999,1961
XCUUSD,Minutes_5,11/04/2019 17:45,07/08/2019 02:45,4142,7566
XCUUSD,Weekly,30/03/2003 00:00,04/08/2019 00:00,854,0
XPDUSD,Daily,25/05/2015 00:00,07/08/2019 00:00,1087,242
XPDUSD,Hourly,03/06/2019 07:00,07/08/2019 02:00,1072,54
XPDUSD,Hours_4,03/12/2018 16:00,07/08/2019 00:00,1037,15
XPDUSD,Minutely,05/08/2019 06:30,07/08/2019 02:45,2073,583
XPDUSD,Minutes_15,22/07/2019 04:15,07/08/2019 02:45,1088,58
XPDUSD,Minutes_30,08/07/2019 13:00,07/08/2019 02:30,992,45
XPDUSD,Minutes_5,26/07/2019 08:45,07/08/2019 02:45,2055,178
XPDUSD,Weekly,09/01/2005 00:00,04/08/2019 00:00,759,2
XPTUSD,Daily,08/06/2015 00:00,07/08/2019 00:00,1077,242
XPTUSD,Hourly,03/06/2019 08:00,07/08/2019 02:00,1072,53
XPTUSD,Hours_4,03/12/2018 16:00,07/08/2019 00:00,1037,15
XPTUSD,Minutely,05/08/2019 11:29,07/08/2019 02:45,2050,307
XPTUSD,Minutes_15,22/07/2019 07:00,07/08/2019 02:45,1088,47
XPTUSD,Minutes_30,08/07/2019 13:00,07/08/2019 02:30,992,45
XPTUSD,Minutes_5,26/07/2019 15:05,07/08/2019 02:45,2049,108
XPTUSD,Weekly,09/01/2005 00:00,04/08/2019 00:00,759,2
ZARJPY,Daily,24/08/2015 00:00,07/08/2019 00:00,1027,237
ZARJPY,Hourly,05/06/2019 10:00,07/08/2019 02:00,1075,0
ZARJPY,Hours_4,05/12/2018 16:00,07/08/2019 00:00,1037,3
ZARJPY,Minutely,05/08/2019 07:50,07/08/2019 02:45,2057,519
ZARJPY,Minutes_15,23/07/2019 22:45,07/08/2019 02:45,972,5
ZARJPY,Minutes_30,09/07/2019 07:00,07/08/2019 02:30,998,3
ZARJPY,Minutes_5,26/07/2019 19:45,07/08/2019 02:45,2004,97
ZARJPY,Weekly,30/05/2004 00:00,04/08/2019 00:00,793,0
